Var1,Var2,Var3,Var4,Var5
0.147747029167755,0,0,325.269119345812,0
0.148124526087176,3.83488134665288e-31,-2.30386078137675e-28,325.269119345812,1.16079773216298e-57
0.148502023006596,0.00307382497485329,-0.000507015958173856,327.029479456322,2.81097737484554e-09
0.148879519926017,0.110324502686787,-0.00304209512506603,335.782956787989,5.05235032880047e-06
0.149257016845437,0.693817378583455,-0.00764803800624236,351.475583019505,0.000244838293640581
0.149634513764858,1.77233362048972,-0.0122536306139867,366.884514566049,0.00172553886724725
0.149999999999999,3.33787274530322,-0.016857950434446,381.997314057312,0.00629515152923026
0.150000000000002,5.38214629314243,-0.0214591000337152,396.801783146956,0.0166043638810946
0.150000000000003,7.89658296628588,-0.0260538670929037,411.285972358553,0.0360716551273783
0.150258792434372,10.8723340195229,-0.0306373995604529,425.438190730642,0.0688480498908147
0.150453578719999,14.3002788967441,-0.0352028961321533,439.247015253129,0.119781576386963
0.150602865104898,18.1710311087995,-0.039741312175773,452.701300087406,0.194381480166744
0.150752151489797,22.4749443474552,-0.0442410811952187,465.790185562755,0.298782243799718
0.150760607796236,27.2021188300839,-0.0486878519075252,478.503106941761,0.439707461996271
0.150769064102676,33.7701324841847,-0.0542073805669055,494.025807736548,0.681466078246427
0.150779943455862,40.977734238036,-0.0595712585161035,508.910820297494,1.00917463643119
0.150800875400844,50.9366474825227,-0.0660259828711015,526.729877536816,1.57071243457726
0.150859364580389,61.8320913630121,-0.0720247696252335,543.469399256651,2.33251094126961
0.151107378411045,77.0170021811909,-0.0787675178947701,563.203679594321,3.65615865351091
0.151482999933559,93.5528102408183,-0.084137192788011,581.059498700175,5.45478862150958
0.151858621456074,116.941835815546,-0.0882907832390765,601.400260122675,8.65491157289646
0.152234242978589,142.218521184898,-0.0881095375317225,618.339523357949,13.0174850412913
0.152609864501104,179.034426314126,-0.0782642951717239,635.693889559706,21.1443818798745
0.152985486023619,211.851950570408,-0.0586966188518344,645.178021221705,30.2956673210968
0.153179441639117,233.107634954746,-0.0400018595846337,648.695658479515,37.1755235168364
0.153267719201084,254.923517679622,-0.0153416108390474,650.379309255311,45.0406790990024
0.153316857355182,272.310176009272,0.00872793711901312,650.412789937853,51.9556649870082
0.15336599550928,317.437675405304,0.0924989129253612,645.354990119455,72.7629354012521
0.153419887652282,375.035084540922,0.253757692237674,628.469725139232,106.075327398516
0.153473779795284,406.166108796125,0.370058113579737,614.743796661659,127.20111929278
0.153571220240389,437.075200786236,0.510875641460334,597.827547827267,150.740232100703
0.153914588769004,467.388868155537,0.678909730921749,577.80876846543,176.770557208578
0.154257957297619,519.002789487669,1.05282490557108,534.997690117749,229.078841169186
0.154601325826234,567.304235513452,1.5362064791026,483.458904564006,289.089603633329
0.154944694354849,611.856493061665,2.14339522117502,424.033191939102,356.198336833735
0.155288062883464,651.338600662787,2.88786562953652,357.689996092762,429.870968139986
0.155631431412078,685.088972952466,3.78126185351805,285.511609526724,509.120126166196
0.155974799940693,713.102390277319,4.83342268212473,208.67551737072,592.422519793367
0.156318168469308,737.057876203184,6.04886085516094,128.435188429536,676.98054664349
0.156661536997923,752.015464316186,7.43106234219024,46.0996266672121,763.529604676606
0.157004905526538,759.844299950124,8.98117705055807,-36.9879832839022,849.147094623729
0.157348274055153,758.151759330178,10.6968155247457,-119.472188221859,933.501411358991
0.157691642583768,739.493498124227,13.2206973455912,-225.591879410625,1041.9787497277
0.158035011112383,702.242100339228,16.0167245095895,-325.250834671108,1144.07784823274
0.158378379640998,647.094462759482,19.064860647997,-415.59491672448,1237.14088141245
0.158443849608353,559.137604074106,23.0183941069004,-508.106257187629,1333.58682976343
0.158479964761061,450.570322995496,27.2408549908587,-579.678241699042,1410.28618941404
0.158486625141233,419.81824785981,28.3610923953872,-594.296252979551,1426.50600234897
0.158493285521405,290.356815603288,32.8193555334326,-636.076577976048,1473.72666342005
0.158501521034307,155.179310880905,37.3764731757618,-650.533976704459,1489.47973105992
0.158519221830324,22.6866110956289,41.9272082228788,-637.047425764203,1468.16946235581
0.158574848107751,-102.696143381316,46.3503207485857,-596.196245397073,1409.76214848157
0.15885297949489,-217.598293557116,50.5341209764683,-529.735214552305,1317.36626626172
0.159231853490184,-282.520315896444,53.0177626562038,-475.547770956501,1241.26485604427
0.159610727485478,-340.934602516899,55.3376537638027,-413.120008239245,1154.34564254281
0.159989601480772,-390.910351361491,57.4308322132175,-345.049230554961,1059.94497217475
0.160368475476065,-432.088579351167,59.3290826301026,-271.245729039303,955.908387389648
0.160747349471359,-482.603463366972,62.1238140823994,-132.517232967895,758.571145646633
0.161126223466653,-504.43662251145,64.2183063275081,12.8889630734116,547.919191186229
0.161239885665241,-504.777610500391,64.9243124150851,78.6625315740333,451.201913914162
0.161353547863829,-499.336678592347,65.4811927308364,143.627960587657,355.022579532793
0.161387244641792,-472.203940309801,66.1492743642388,266.363364058862,171.305113219962
0.161420941419754,-424.385135688123,66.2773794513464,378.560570264356,-0.0653381277113754
0.161470401751171,-357.926705912981,65.9128437211796,475.780694390406,-152.649316992392
0.16161926032217,-275.592339418299,65.121736055082,554.1773934917,-280.621934488078
0.162028389468546,-180.75451651473,63.9867619318391,610.649040274151,-379.004793309001
0.162437518614923,-77.2625118050235,62.6041393833536,642.96143351487,-443.870951735255
0.162846647761299,-22.2103800422197,61.8320882663629,649.700309749923,-463.19569352681
0.163255776907675,9.29379032430907,61.3835288430783,650.52220761683,-469.805515210246
0.163664906054052,20.5571994138788,61.224179377433,650.294215559078,-471.214438991954
0.164074035200428,31.8286831728454,61.0644518869807,649.796385798737,-472.234727541506
0.164483164346804,52.1284413945326,60.7763101222505,648.220419989797,-473.089859067023
0.164892293493181,120.989927880129,59.7986770043159,636.322417361807,-466.512611394545
0.165301422639557,216.611740057193,58.5990053283466,602.294100549468,-432.004093097252
0.165710551785933,234.880421929133,58.3801557544512,593.502759535995,-421.743906764311
0.16611968093231,252.933426879475,58.1669450907067,584.012303484011,-410.447512112517
0.166528810078686,286.298550455624,57.7821709538726,564.251038072398,-386.383720694148
0.166937939225063,391.08524584387,56.6907121799635,480.11000361821,-279.286872754916
0.167347068371439,480.755950616384,56.0183551648585,372.879099648412,-136.620863131648
0.167756197517815,551.490608360956,55.8717947928195,247.71536842841,33.9495288928647
0.168165326664192,599.670032056723,56.3292621549453,110.638293410283,223.233372857223
0.168257391372362,622.506901582754,57.0137267801908,13.384429729439,357.299185993195
0.168320807013084,631.401537556362,58.0062771763547,-84.171328160213,491.946307337711
0.168384222653806,620.206877598089,60.0422396867392,-224.959538702443,686.089379783655
0.168447638294529,578.001557567492,62.7165406439439,-354.572577852273,866.623611967065
0.168599123198445,504.837591803891,65.9731758977528,-466.57174140741,1027.72242325802
0.168944157453938,404.420320110295,69.7368150019363,-555.393318418973,1164.12619293342
0.169289191709431,284.32710395964,73.9136152625262,-616.624976108486,1269.59325981597
0.169634225964924,151.695096780278,78.38911357393,-647.224948506532,1339.83558889351
0.169979260220417,16.7081391837263,83.0358408895468,-645.673140318982,1368.60492985397
0.170324294475911,-113.41722992189,87.7038681955239,-612.046639730511,1353.5053167301
0.170669328731404,-233.660816368249,92.2492643723603,-548.015888944061,1296.79080733306
0.17108760230529,-317.211642124951,95.6386514968194,-478.584084016517,1224.7156741232
0.171505875879176,-357.306830445855,97.364935981196,-435.295046115351,1177.34057602771
0.171682128930197,-413.24780628052,99.8674291791433,-359.267714461469,1091.66252173957
0.171729613088156,-440.415362952963,101.19041472542,-312.787250966252,1037.99547346888
0.171777097246116,-454.404746156807,101.934344478752,-284.460600942881,1003.9945526979
0.171824581404075,-467.198512801442,102.652453321769,-255.45050382894,968.882230586469
0.171927066054244,-490.345037644728,104.093648623226,-191.632313854662,890.697436161397
0.172029550704412,-511.547025063311,105.759652522105,-106.51575073382,784.513260519081
0.172428507688976,-518.425377218346,106.510622910092,-63.0917217534376,729.496447752361
0.17282746467354,-519.958763081386,106.731290302898,-49.5989906110105,712.01844698416
0.173226421658105,-521.252118086978,106.946398298853,-36.0847614923132,694.456869911944
0.173625378642669,-522.913998496612,107.303263411432,-12.8097755064275,664.081758075489
0.174024335627233,-523.265572798874,108.382938627436,65.5745899967471,560.59179858006
0.174423292611797,-499.911467925782,109.970168860565,218.414774506282,353.055301440269
0.174822249596361,-445.88805696634,110.807468349077,358.586276574102,153.86497733806
0.175221206580926,-364.430086978609,110.946430371295,477.958747641651,-26.1192885979758
0.17562016356549,-260.341073930027,110.476620318121,569.608242514945,-177.073723158606
0.175757264103559,-139.716072660368,109.520935780161,628.218828015391,-290.71925920193
0.175848566086468,-9.5897785713456,108.229044114404,650.390922328495,-360.769044115193
0.175939868069376,52.1994046195607,107.553358876554,647.841087476115,-377.32488832848
0.176007757454631,83.9944064501502,107.195535687593,643.323513282138,-381.74212196786
0.176075646839885,104.081324127222,106.968700671257,639.368575409158,-382.898368132609
0.176284010529169,124.134034037401,106.741554249493,634.561656617049,-382.87402781593
0.176635535240334,144.062715112412,106.514766683104,628.909162292704,-381.738915602115
0.1769870599515,190.896793973188,105.97934339225,612.073370256199,-374.568529590896
0.177338584662665,306.639365743238,104.669488831891,546.585492625003,-326.658326262761
0.177690109373831,324.901140682801,104.47207205554,532.999663133712,-314.631233874038
0.178041634084997,342.760499769449,104.281817094352,518.66696988748,-301.554905304176
0.178393158796162,377.848194586915,103.918389987499,487.185113076111,-271.696931531722
0.178744683507328,466.747191001859,103.101054418192,381.7055024893,-163.966149154721
0.179166677511557,536.159036747021,102.692575234154,257.933861439983,-27.6136935708537
0.179588671515785,582.942446376586,102.777112662623,121.801554851388,130.296061291045
0.179657822332574,594.601924051339,102.951748231261,67.9997623872815,194.542911880647
0.179726973149364,604.360461560036,103.377874552583,-9.74788025390924,289.004374848871
0.179751802559022,603.242268801987,104.465373743328,-137.491360726029,448.029012114548
0.17977663196868,583.307973928526,106.028536847052,-259.863773006423,603.895314081996
0.179811240606103,539.812624207754,108.051926739069,-372.084667125921,752.668284736603
0.179902966226476,474.414071385837,110.506937173311,-469.770159823278,889.616820590621
0.180261591053042,389.732701158382,113.351591505809,-549.104189930367,1010.64032644991
0.180620215879608,289.247728247058,116.532704492268,-606.98759191868,1112.38356203126
0.180978840706174,177.158918919263,119.988175189352,-641.159164083568,1192.32052324136
0.18133746553274,39.0836773982833,124.407661894142,-649.006246519258,1250.30183720503
0.181696090359306,-98.1581968107209,128.963256108318,-620.063449136225,1267.31052537759
0.182054715185872,-225.711233410716,133.50298039369,-555.971437248632,1241.6587716276
0.182413340012438,-336.50745662377,137.874836295976,-460.363361426804,1175.03749622449
0.182844485140563,-424.988970758872,141.937853476103,-338.658906978931,1072.4973813348
0.183275630268688,-450.521015444376,143.305101068664,-289.656794149404,1027.92162692321
0.183706775396813,-465.034535960742,144.172075705316,-256.20156407698,995.818949083384
0.184137920524938,-477.865076841241,145.010617071251,-221.923863450924,962.125438624597
0.184569065653064,-492.943730648396,146.129915115839,-172.966792464775,912.917567661859
0.185000210781189,-517.849916089266,149.147077157898,-18.8439942540532,750.552874857557
0.185431355909314,-518.920328422958,149.687544089913,12.982592608574,715.08916233276
0.185862501037439,-518.644387503837,150.201321770696,44.7781049301567,679.022019374519
0.185903805468388,-517.044690105028,150.688089620079,76.4664384237965,642.57191988652
0.185945109899337,-502.943929038407,152.071616673337,177.082841858221,523.40341431118
0.186010887295205,-454.227260887917,153.66538772129,325.269119345811,336.753795522245
0.18621854622809,-375.848829930102,154.605289607372,453.566732799978,159.723008638591
0.186610024724847,-272.667822358176,154.912809155366,554.130891619596,2.35996191160256
0.187001503221604,-151.038657892379,154.680013472324,620.81257442634,-126.41618411165
0.18739298171836,-18.4244993027418,154.029633635084,649.534512559742,-219.295002510695
0.187784460215117,117.056244472585,153.108170975905,638.540495719011,-270.984335074751
0.188175938711874,173.277610606144,152.670019056244,622.021045241435,-279.651087277814
0.18856741720863,228.295520462965,152.224160539451,598.671548634522,-280.011018346733
0.188958895705387,262.033962732798,151.945730672497,580.59605549571,-276.027991801058
0.189350374202144,294.791252693511,151.672877812701,559.996477251539,-268.915805660677
0.1897418526989,371.99982001399,151.032349616061,497.5020082507,-237.38604412357
0.190133331195657,440.74610281881,150.496410437914,421.407814914137,-186.97005173476
0.190524809692414,478.999583714007,150.232884766723,367.519925773036,-146.295458307744
0.19091628818917,512.478693248682,150.039027153284,309.637480203814,-99.370846042698
0.191307766685927,571.842954819063,149.918948303397,155.886967992162,37.5769782862393
0.191699245182684,594.479064339447,150.166232242286,43.7685176438474,146.801066068002
0.192007052052827,600.040078332477,150.71579123146,-69.6816124794963,264.399795121204
0.192314858922971,576.398735353098,152.208304629121,-240.660565800302,454.734672703966
0.192487900268079,512.213101075839,154.487359816681,-393.992384894431,643.235636951754
0.192660941613186,485.616488075667,155.321486562586,-434.821089154574,697.631163733268
0.192833982958294,456.034304335529,156.222150614805,-472.764075477032,750.339001847851
0.193303110011246,381.634236352389,158.421273328097,-544.780310048975,858.5469392259
0.193772237064198,304.711698648124,160.615618805903,-594.29625297955,945.318607339934
0.194241364117151,169.481562590346,164.537895249683,-641.727372463274,1058.28404001739
0.194710491170103,25.4982152409638,168.83057382417,-647.943892489423,1136.22483709166
0.195179618223055,-117.123642569216,173.350406555662,-612.546560363018,1175.17007846786
0.195648745276007,-248.031528231493,177.939991930433,-537.808750928359,1172.43071370955
0.19611787232896,-358.436879242648,182.438261633657,-428.530460277809,1127.99643426295
0.196586999381912,-441.884959898069,186.69124663504,-291.730028553667,1046.32788493885
0.197056126434864,-465.870564089559,188.250510991551,-232.96816170052,1005.75047362113
0.197525253487816,-478.668620520797,189.239191771888,-193.122815706118,975.894403817284
0.197994380540769,-489.201759717003,190.197371550174,-152.465820523627,944.086737356933
0.198271118632184,-499.47890882733,191.394055787746,-98.6994458149335,900.280960178282
0.1985478567236,-507.514213430858,194.319739404538,48.5347857543216,770.788273088744
0.198688420529361,-501.084249046703,195.569814299643,119.389611349174,702.514570646652
0.198828984335121,-488.117611583621,196.703210278855,188.804055893392,631.662202512537
0.198969548140881,-475.202652083979,197.426537601411,236.162715344483,581.136649607745
0.199423433516474,-415.548163262799,199.305063818068,374.084161234392,422.076653940976
0.199877318892068,-329.569106916387,200.607081642629,490.359016777449,267.768833558973
0.199999999999998,-195.947373617951,201.467993541827,593.558084108926,97.2927607795972
0.200000000000001,-42.0654414544687,201.639736079657,645.355652810217,-40.4028105955135
0.200000000000005,118.745358764683,201.29331808025,641.266108536362,-134.458364407628
0.200453885375598,140.562295985162,201.213884389973,636.322417361808,-143.495686560534
0.200777888680903,246.306880464228,200.700504384578,596.246901347794,-173.755640281589
0.201257492924245,284.594913050028,200.485607389734,574.498244620807,-178.616824160379
0.201737097167587,321.479080014035,200.267021089276,549.354191853103,-179.724104767989
0.202216701410929,342.210512558915,200.141382005284,533.41019549591,-178.56828210752
0.20269630565427,362.363680956482,200.016933647679,516.422826235565,-176.189096191652
0.203175909897612,401.029504859875,199.773443162191,479.179514463435,-167.713351699462
0.203655514140954,486.619078117457,199.235195223723,366.92046376137,-124.048230815891
0.203851066000718,530.331474603373,198.990602169233,284.85850056201,-80.4040493658908
0.204046617860481,564.49110082953,198.85557423159,196.734227582892,-25.7085477850945
0.204473656631425,581.924658584093,198.838515170364,132.228374080856,18.6271891356462
0.204900695402369,593.713887022735,198.894188655181,66.333381106491,67.3227329711139
0.205327734173313,596.988069539414,199.475338293631,-116.503482728666,219.135846495373
0.205754772944256,557.649063277189,200.747617072198,-290.123548726656,387.668590154357
0.2061818117152,478.111821549906,202.755278371209,-440.791424508649,559.932462147924
0.206608850486144,363.484220089537,205.487473766119,-556.587506307331,723.594645566131
0.207035889257088,222.62818728423,208.883213750941,-628.350960031928,867.446853666391
0.207462928028032,67.1451539636382,212.836215001374,-650.404451154883,981.994422313901
0.207889966798976,-89.7637215607238,217.204000862234,-621.003288749167,1059.87799544751
0.208317005569919,-234.349377594981,221.816203657214,-542.473451092203,1095.49846036756
0.208744044340863,-343.84199593106,226.009495335902,-435.295046115351,1089.95509197268
0.209171083111807,-426.721973461394,230.086240041564,-300.386998391932,1049.43928462682
0.209598121882751,-469.312059833795,233.099868764698,-182.35925340416,996.645622918702
0.210025160653695,-491.126832220293,235.928946400252,-57.359702087796,925.695563627005
0.210452199424639,-491.670822695539,238.523099646446,69.8327773446757,839.742493642513
0.210966524643081,-470.929994964552,240.843865886865,194.355468488664,742.786524626408
0.211480849861523,-466.289833797072,241.154832107874,211.840140581435,727.768493500574
0.211995175079965,-461.233940124416,241.459289558341,229.155252187198,712.599509095428
0.212509500298408,-450.8545122524,242.002510606605,260.539783702639,684.320590712039
0.21302382551685,-396.268738800643,243.941199588778,377.869529334107,568.358754253476
0.213538150735292,-298.702364007991,245.883437163993,503.814458868212,417.875179003991
0.214052475953734,-176.5407781819,247.228176418572,594.300822029464,274.030439146503
0.214566801172177,-38.4097268439025,248.021906778233,642.960169763822,145.997158376368
0.215081126390619,105.962513294013,248.346143226886,646.367847060046,41.8860813340548
0.215595451609061,246.427891223345,248.312111173029,604.284020881472,-31.7452799987193
0.216109776827503,373.127093983337,248.053579180296,519.670559665003,-70.2953567268637
0.216624102045946,422.548911153637,247.897413274748,470.059728860741,-75.4619649579381
0.217138427264388,467.314855860831,247.73810503119,413.929396819788,-73.1079321883201
0.217462298954586,494.27868217818,247.636736251808,373.194336895233,-67.3943650115531
0.217666732360733,518.538579029799,247.544167488618,330.149206744798,-58.438739044864
0.21787116576688,570.330178601766,247.368089731055,201.181687913788,-17.3654883876474
0.218075599173027,598.525724019459,247.361560177602,67.9997623872872,43.1606346652605
0.218280032579174,604.755082536031,247.513088303971,-35.0924353084131,100.920608584891
0.21880587521541,597.128760724228,247.814995560345,-137.302774085532,167.38062186075
0.219331717851647,575.809976739515,248.286382971709,-236.062748850903,240.922738035143
0.219857560487883,506.428015458026,249.598698524213,-396.521141116426,384.025795547293
0.220383403124119,400.829435930954,251.54482579701,-525.186406827271,532.775319835552
0.22054115591499,266.826033385656,254.126075481372,-611.742145035895,676.458814958342
0.220698908705861,115.448350677518,257.298178589592,-649.248303236768,804.87510824954
0.220904831541955,-40.7464771486279,260.975825528479,-634.697631851967,909.283485835725
0.221110754378048,-188.66123572112,265.040074652607,-569.25680596845,982.9748560925
0.221316677214141,-315.767658186167,269.348293303015,-458.172881148748,1021.73189444404
0.221836783403444,-410.962723308561,273.740715119873,-310.35258370269,1021.78389866777
0.222356889592746,-455.647929855999,276.876780180307,-187.272286620691,999.027490060836
0.222876995782049,-479.856491955008,281.05098740976,-4.56050975679165,938.115135408893
0.223397101971352,-478.399518971231,282.26207550945,51.7899464462897,912.572206407869
0.223917208160654,-472.784154039539,283.437702309832,107.751296221169,884.457735121344
0.224437314349957,-438.080595018049,286.364634709281,251.446843130849,798.932899768412
0.22495742053926,-407.212937409533,287.839986096893,325.269119345811,746.309036675181
0.225477526728562,-389.678888414249,288.512805458997,359.189301833886,719.317779295507
0.225997632917865,-370.518172449085,289.160008933181,391.758773477299,691.55599713021
0.226517739107167,-349.724166587374,289.781067591046,422.855058639019,663.272846198633
0.22703784529647,-238.330536257331,292.2421261715,541.601443468199,532.328166319031
0.227557951485773,-104.142186968054,294.151614711283,619.325856048924,401.770739797478
0.228078057675075,42.6431696725583,295.530762990487,650.141294538111,280.514199014226
0.228598163864378,190.900321552468,296.437028574117,631.713736237385,176.743135593962
0.229118270053681,329.413242220327,296.959638778,565.438921121843,97.3933085346504
0.229638376242983,447.719770907384,297.213387916707,456.336635713899,47.7060136404539
0.230158482432286,536.89667461369,297.33072974042,312.670504452195,30.8875458529226
0.230678588621588,553.400933789224,297.349404071943,274.387810744348,31.8767695390689
0.231198694810891,567.949816754072,297.369683350146,234.911655573611,34.795283663543
0.231718801000194,580.324461269431,297.393862008845,194.41374215731,39.6320616111352
0.232238907189496,603.826806001339,297.510093488099,68.9279887771504,65.2272587581347
0.232759013378799,606.531618753802,297.724543533598,-58.0404491541717,106.148062688083
0.233279119568101,598.78960707296,297.922362987363,-134.755749950596,137.984554850055
0.233799225757404,583.76193702494,298.182320254519,-209.554841731301,174.458542308909
0.234319331946707,561.291831210471,298.512455661868,-281.374091262897,215.101277832005
0.234839438136009,480.269896063738,299.618461979715,-434.096760001635,324.743414197847
0.235359544325312,365.767983923865,301.225109601313,-552.218757977871,446.287234590908
0.235879650514615,300.824978588594,302.20068339461,-594.29625297955,507.007627794096
0.236399756703917,231.187295365281,303.304250744076,-625.060183527202,567.3786496619
0.23691986289322,87.2122519854482,305.814331492821,-650.496042080568,680.180658884813
0.237439969082522,-58.6277072096966,308.763710068929,-629.004327919077,780.793827908127
0.238065061875719,-195.332713404167,312.089823224943,-562.135479344944,863.234811797327
0.238690154668917,-312.483848488685,315.708351450403,-454.713496122692,922.910354591874
0.239315247462114,-401.081056463703,319.517268844472,-314.487930290661,955.698929732124
0.239940340255311,-454.637515699244,323.403645096104,-151.574824086433,960.662477172882
0.240565433048508,-468.978146474721,327.254412269261,22.273073598323,938.487201433288
0.241190525841705,-459.7157439087,329.295647931255,116.903971852668,915.777833099267
0.241815618634902,-449.213159217376,330.460698182594,171.105948046168,898.510858563761
0.242440711428099,-434.855895897159,331.601736442423,224.058785235743,878.934773577803
0.243065804221296,-399.064032427795,333.611765125815,316.182857126823,837.870052600957
0.243690897014493,-291.491488370489,337.366835321527,478.004767083797,736.636697688057
0.24431598980769,-262.265964175973,338.134209847859,508.025870381424,711.108203020923
0.244941082600887,-231.473363624636,338.873565250518,535.500878467724,684.76051056879
0.245566175394084,-199.166803210696,339.584196930709,560.292093657205,657.852769910451
0.246191268187281,-113.090981781323,341.228522302917,609.666790534939,589.118864028266
0.246816360980478,31.6429999395592,343.425665441261,648.444298140579,480.913882490898
0.247441453773675,186.372403047391,345.253452446293,636.322417361808,373.247778388998
0.248066546566872,331.355504982455,346.681148323538,571.170585466419,279.35348419204
0.248691639360069,454.517495872553,347.742265077579,458.418437441808,206.037107729547
0.249316732153266,545.615182633072,348.539589183545,307.462531911237,158.520198652056
0.249941824946463,597.086326963346,349.19521725709,130.883259055271,140.078566773834
0.25056691773966,606.129980464392,349.44607579457,54.1185146358164,141.169813138729
0.251192010532857,607.858651381056,349.702821080888,-23.4154071413729,147.321416878741
0.251817103326054,604.263576845721,349.901114655377,-80.3025457638566,155.049712525582
0.252442196119251,596.56298709931,350.111515120964,-136.571688120101,165.416708001741
0.253067288912448,538.125679258173,351.00107723152,-323.16378249869,221.221755608081
0.253692381705645,510.368474504034,351.345557784826,-376.994098209663,244.638533719863
0.254317474498842,478.449342446732,351.726884412458,-427.187248541448,270.420864801349
0.254942567292039,434.033962536753,352.247818022709,-482.873078112967,304.83007934346
0.255567660085236,293.340500617701,353.949331540068,-594.590948383818,407.222735924094
0.256192752878433,129.721042213519,356.169758185624,-647.211265901901,519.096509542329
0.25681784567163,-40.3140778587388,358.930771909958,-635.503994793229,630.441603829971
0.257442938464827,-199.475954075898,362.206234019914,-560.632743541612,731.564966166509
0.258068031258024,-327.628968962471,365.793378922845,-435.29504611535,811.742536382694
0.258693124051221,-418.105858182844,369.598299041169,-269.57647418707,868.650959855557
0.259318216844418,-462.103040452956,373.606099350529,-78.8501888239745,898.588142118632
0.259943309637615,-455.18032482573,377.687350354163,119.190766457317,900.172492523963
0.260713946951034,-398.047556878623,381.711251460708,306.174790525944,874.002411482181
0.261484584264453,-345.167683112258,383.952696530737,401.939366728126,846.294675953926
0.262255221577872,-279.220968486851,386.109822477387,485.287218163858,811.164761055502
0.263025858891291,-144.942840170312,389.495874482912,590.545999301665,738.483243557365
0.263796496204709,-44.1323241892763,391.569042358033,632.744171818671,681.836255965753
0.264567133518128,26.3562335425132,392.867467766794,647.246683483632,641.230492762894
0.265337770831547,97.5980342314489,394.082122758138,650.180768066276,599.723387369703
0.266108408144966,168.312876777969,395.211854251001,641.49398382466,557.980035247326
0.266879045458385,332.802796315852,397.650384197453,571.458898471226,457.948849541531
0.267649682771804,468.492055217927,399.616638455807,439.28534181145,369.894038425496
0.268420320085223,560.597067608443,401.192700532325,259.345410911167,302.058808378154
0.269190957398641,598.164376267108,402.390066640149,67.9997623872819,262.813375327731
0.26996159471206,586.748952930983,403.590309245875,-129.636513411329,248.902686161625
0.270732232025479,578.334957226986,403.839322925628,-170.63854764537,249.207312503477
0.271502869338898,567.778505646453,404.089224668538,-210.924539029096,250.70021687924
0.272273506652317,535.965763295674,404.668572462445,-299.147093571043,258.465058589579
0.273044143965736,493.916745661657,405.272022522067,-380.862324561976,272.101023954706
0.273814781279155,376.229086895177,406.68198423171,-523.985087016021,318.362067386355
0.274585418592574,284.038085987537,407.726022946309,-590.297863048381,358.864059164942
0.275356055905992,183.078110305207,408.904014568223,-632.937378899682,405.904717940774
0.276126693219411,76.985780835845,410.233631666845,-650.193622699766,457.895782547637
0.27689733053283,-95.8829791035338,412.760770210195,-622.426096692552,548.304299186257
0.277667967846249,-252.256081871549,415.739904867595,-528.4518127519,638.220968382063
0.278438605159668,-375.072372151146,419.14806437957,-378.266708872519,719.500017210303
0.279375686994094,-450.8248488516,422.92426146468,-187.845804210236,785.118964384447
0.28031276882852,-471.068882438241,426.976724054469,22.5560455863284,829.801523306324
0.281249850662947,-433.393747464623,431.192661191054,230.558634397525,850.447186501527
0.282186932497373,-394.468045112726,433.293234350683,325.269119345807,851.477875830137
0.283124014331799,-343.382158970425,435.451487563888,411.533777815544,846.607204849269
0.284061096166225,-270.164641128782,437.974648191624,499.532983868538,832.616903395567
0.284998178000652,-185.121749633921,440.445636138439,569.438463946178,810.832884000846
0.285935259835078,-91.171024836829,442.843521515523,618.718151815511,782.371416264351
0.286872341669504,71.1246948610729,446.536185233153,650.531716780129,724.700828095901
0.28780942350393,231.033107938782,449.930876525644,620.493105931021,656.382678126134
0.28849187038603,325.782159928026,451.939615212488,569.547325961389,609.612529564191
0.289174317268129,409.75561733371,453.806281508117,496.072401941321,562.915823028462
0.290125037192386,479.611445951124,455.533643779786,402.9747247393,517.909136590989
0.291075757116643,557.420872777101,458.131357123275,214.185044893472,450.710135256493
0.2920264770409,579.927813297719,460.430809056028,1.92791271078264,398.553704670848
0.292977196965157,544.631083551648,462.519943263738,-210.54045363941,366.109083627767
0.293927916889414,455.9694940841,464.50629015303,-399.940691851987,355.722893955845
0.294878636813671,323.611423615245,466.503269877261,-545.52092793381,367.811764688056
0.295829356737928,249.350710534773,467.469890215635,-594.29625297955,381.105864742027
0.296780076662185,170.081836179441,468.450792910142,-628.403198688659,398.830019443817
0.297730796586442,87.7497850161607,469.479013956152,-646.999939767496,420.547688568099
0.298681516510699,-83.0516689125899,471.793884439109,-634.713843455437,475.127429421077
0.299632236434956,-206.093079097764,473.763249518477,-579.938146930296,523.398803399532
0.300582956359213,-313.913745325993,475.921722089014,-489.336770063331,574.478446226608
0.301725271065672,-418.563011161753,478.953304478603,-331.042856934038,639.255138584624
0.302867585772132,-476.824857807495,482.286599963383,-139.652784625871,698.734272846013
0.304009900478591,-482.626517656774,485.884417514121,65.6991379169085,748.220306371551
0.305152215185051,-435.263487656215,489.689373045544,264.482759465215,784.090342532238
0.30629452989151,-339.523850500284,493.629749545003,436.824597649283,804.060884077313
0.307436844597969,-205.280562061328,497.626297600805,565.494699336914,807.296846691322
0.308579159304429,-149.03188599591,499.103337910567,599.284019512598,803.779832487438
0.309721474010888,-90.2277168184201,500.572110451644,624.814887565848,798.058100294681
0.310863788717347,90.2306674511495,504.828508801246,649.153347515139,769.33485182288
0.312006103423807,164.38981438682,506.54388000674,636.322417361808,752.845661189327
0.313148418130266,235.701946086733,508.103909046923,610.287137458972,734.194632158446
0.314290732836726,288.138900039724,509.285754143422,581.301741947616,718.456886503736
0.315433047543185,337.264867368624,510.439971100349,545.039502145467,701.823013111173
0.316575362249644,381.063094661195,511.529421909558,503.442820541822,685.048866662927
0.317717676956104,420.606441056818,512.590569943559,455.942912076483,667.528831343982
0.318859991662563,455.523432347673,513.622427805392,403.096747122528,649.616284262712
0.320286480503516,485.426802297093,514.624604137952,345.523984731124,631.590957219703
0.32171296934447,509.962817527784,515.597067750519,283.899706686297,613.638615952269
0.323139458185423,549.068820661258,518.417613347385,76.0593310493673,560.650416049723
0.324565947026377,530.401559023744,520.988850267272,-140.208108574239,514.973337306388
0.32599243586733,455.971500292573,523.359499282157,-340.941061027053,480.803208247992
0.327418924708284,384.645714100928,524.758792706578,-448.268494030122,466.698361478101
0.328845413549237,330.785943785017,525.634678406541,-507.090318822323,460.659990073234
0.33027190239019,271.57519992505,526.500617738884,-556.868163592114,457.125711669939
0.331698391231144,207.940122577841,527.362012549437,-596.714238103828,456.197920867726
0.333124880072097,140.990172850363,528.224166104051,-625.917885718049,457.859563243396
0.334551368913051,-39.6708411005257,530.507257476966,-648.889596353181,473.699444266796
0.335977857754004,-213.326959867021,532.913804443674,-594.418971164191,504.274355334658
0.337404346594957,-260.975943897526,533.670040445718,-563.714748048965,515.84578612403
0.339258412886853,-305.589406261109,534.445369812403,-526.899920663656,528.312237518865
0.341112479178748,-384.875085812106,536.079397009553,-435.295046115357,555.372289218652
0.342966545470643,-431.625424628653,537.408052497033,-356.221865592478,576.467210901627
0.344820611762539,-474.725037966013,539.118708489179,-247.19465037095,603.416271391672
0.346674678054434,-500.179395696685,540.907687919425,-129.299467498584,630.580558734374
0.348528744346329,-496.401136780621,544.584656503616,107.983045386949,680.649619402375
0.350382810638224,-424.08314535465,548.521721895545,330.895385734896,723.214947809744
0.35223687693012,-292.973489705951,552.66513711987,509.772815158986,754.18017012667
0.354090943222015,-120.981863830966,556.942493739539,620.810675115899,770.987254652624
0.35594500951391,-64.7834265924998,558.240575756784,638.407198303955,773.083967957865
0.358374947671569,-8.0372591047345,559.540754320503,648.278972017199,773.493194115363
0.360804885829229,48.8637574436274,560.840466838064,650.306547447706,772.529217003426
0.363234823986888,105.215320477941,562.137439293392,644.465390861704,770.22606437067
0.365664762144547,268.728928194749,566.114035359206,577.676134761313,755.142824988576
0.368094700302206,401.167987717622,569.984870086974,444.331817095971,729.768738354723
0.370524638459866,486.966932017004,573.704087290368,259.795266166047,697.097042561996
0.372954576617525,515.945684203919,576.888643737477,67.9997623872869,664.441727526776
0.375384514775184,496.807347942114,579.958405026456,-130.117237803917,631.293735210326
0.378399019904499,431.509780601905,582.878312519689,-316.138083198435,600.396204900438
0.381413525033814,326.003289093353,585.665962184636,-472.76962356283,574.373483099642
0.384428030163129,279.526736402723,586.651396366027,-519.50023952894,566.397863235517
0.387442535292443,229.608924155968,587.623912520861,-559.795504084805,559.373324385994
0.390457040421758,176.842932021766,588.585378944254,-593.156256368015,553.378471081382
0.393471545551073,120.743270454213,589.556713918334,-619.615880640565,548.37943939901
0.397593854962109,63.05617545167,590.520405047656,-638.087580847966,544.551582230706
0.401716164373144,2.91243241850908,591.504565220868,-648.495811851745,541.870331721932
0.405838473784179,-57.3296099185195,592.485098266535,-650.08242018748,540.473652477756
0.409960783195215,-247.067465395961,595.737243408144,-592.984210887124,544.867451543634
0.41408309260625,-401.43094660953,599.053322712785,-448.458478494105,562.026259511005
0.41924574901495,-497.71765951638,602.501293844736,-237.813592732765,589.380251307603
0.42440840542365,-512.910148757034,603.568984265068,-166.188735352288,599.061956789678
0.426183285620478,-521.439103385084,604.654116988048,-92.3335313959491,609.099550878159
0.427958165817306,-520.206023416243,606.541327515552,35.5802174839773,626.858354973164
0.432087129497164,-499.119107243083,608.482703603099,162.115701699659,645.105148847259
0.439261478467623,-439.143288909671,611.248283270458,325.269119345811,669.971255773186
0.446435827438081,-347.505972512006,614.105787346378,464.550868331617,693.216966756807
0.455302038120078,-181.437903383936,618.211807936853,599.447643470532,720.398351365113
0.466151493005705,8.22370217315584,622.451364761315,650.373992128512,739.50828238824
0.479270858432721,65.7472246570579,623.742024643893,647.877440400302,743.43254380338
0.492390223859738,122.04350854688,625.038547343725,637.124602093496,746.303064012662
0.509056890526405,192.073549328444,626.722800153572,611.177666088816,748.606049154694
0.525723557193072,302.025625809665,629.655158155061,535.543441275859,748.973503889977
0.542390223859738,391.093911570715,632.580339802352,425.523370563797,744.922258707476
0.559056890526405,473.658787581342,636.955052583636,209.960524622377,731.405008617871
0.575723557193072,483.516327925736,641.229860607667,-36.2423287064359,711.051540212858
0.592390223859739,419.407444482136,645.373261690734,-277.156258218273,686.814336521031
0.609056890526405,291.044352951319,649.371892318584,-477.624157151048,661.902677344376
0.625723557193072,145.022890540995,652.667440191911,-594.296252979548,642.49102580576
0.642390223859739,120.19982621728,653.172289782156,-607.04163889102,639.731684355032
0.659056890526405,95.0149943417167,653.675027247044,-618.200646088317,637.065808566303
0.675723557193072,31.5839988057275,654.910237850122,-638.813653844016,630.906664754477
0.692390223859739,-152.848756135608,658.430659741212,-640.46687682457,617.08877777715
0.709056890526406,-319.761756679996,661.892771367419,-557.125551001066,610.107268473254
0.725723557193072,-447.175311611851,665.336406151211,-399.849668141105,610.473981526241
0.742390223859739,-518.26783559775,668.801860575626,-189.510866084443,617.857715246636
0.759056890526406,-523.636588456649,672.325449474407,45.9773873164853,631.174401028102
0.775723557193073,-462.605062239808,675.935755110419,275.364111611757,648.756952021223
0.792390223859739,-432.313156797794,677.038658234675,338.346226280492,654.573957893617
0.809056890526406,-397.09449232864,678.151444231713,397.24586692637,660.543195188839
0.825723557193073,-353.920118409956,679.369578713742,455.682708830138,667.050022363082
0.842390223859739,-306.089795314333,680.59954543663,507.654162942988,673.575544664277
0.859056890526406,-254.251228593989,681.841350501952,552.422839852544,680.075358453068
0.875723557193073,-60.1168298081032,686.117311241913,642.833164339424,700.842581470278
0.89239022385974,120.804190759585,690.082673894486,636.322417361807,716.636142349652
0.909056890526406,146.090647589212,690.663874740905,628.273031278311,718.616311312685
0.925723557193073,170.878546926863,691.246640207154,618.462887176385,720.507069644152
0.94239022385974,176.815827655304,691.388409256513,615.81746080211,720.952423908189
0.959056890526406,182.717441863123,691.530264842317,613.070204719175,721.39023878835
0.975723557193073,204.556824705273,692.064204192922,601.841196184978,722.949663850865
0.99239022385974,251.1465602326,693.25759581495,571.815164928094,726.11769677341
0.999999999999993,294.453433900441,694.455834074616,535.165592628023,728.848303186723
1,421.461753512614,699.083335959931,341.627944480302,735.005560649261
1.00000000000001,472.051195005436,703.727935345509,90.5961377683984,734.316729969425
1.01666666666668,437.790169713372,708.348833427184,-175.682515093866,727.585864494374
1.03333333333335,324.783950018889,712.912639115632,-412.394738912613,716.341053777913
1.05000000000001,152.540789814756,717.397112768305,-579.703130600059,702.573839528968
1.06666666666668,-49.5039341153407,721.793781340461,-649.450581359298,688.447804680165
1.08333333333335,-247.107104066494,726.106421683617,-609.898967719488,676.011758350863
1.10000000000001,-406.997952630228,730.350263987173,-467.704615027599,666.943367297183
1.11666666666668,-428.098595336678,731.056392904572,-435.295046115354,665.837045360676
1.13333333333335,-502.729824601993,734.574913194346,-245.385782073751,662.360838711329
1.15000000000001,-520.530859308969,738.084241108532,-26.3480935556439,662.354489500342
1.16666666666668,-479.432065161079,741.602394449571,195.817235230574,665.67647769
1.18333333333335,-354.486643920606,746.008064152359,436.58761042525,673.711384013136
1.20000000000001,-169.649852201707,750.476732261185,597.881641243324,684.770570147166
1.21666666666668,41.2446217834748,755.022826242687,650.337386042199,697.192933055418
1.23333333333335,103.905642483659,756.402574794668,642.855366068049,700.93147308547
1.25000000000001,164.362746955169,757.789625876256,624.692121766526,704.606316692062
1.26666666666668,219.08592516995,759.120190407468,597.667808338579,708.014750666434
1.28333333333335,270.049767678116,760.457034500055,561.595282401966,711.290502819849
1.30000000000001,402.309202250858,764.91181840778,385.993403016651,720.728597000297
1.31666666666668,464.304245155288,769.416790029848,147.476241502859,727.39340970513
1.33333333333335,467.356030769441,770.797696265089,67.999762387292,728.795924424578
1.35000000000001,422.53127137543,775.430723838027,-200.007506736646,731.307473562628
1.36666666666668,300.937369179093,780.069140346953,-433.699289316588,730.525515035974
1.38333333333335,123.985363970402,784.693711456898,-592.980854152674,727.016985112564
1.40000000000001,-77.405215867047,789.290279419134,-650.524104994812,721.646696204858
1.41666666666668,-268.247458861778,793.849827479088,-596.456289153924,715.43640928742
1.43333333333335,-415.569906170417,798.370130378614,-440.053875484717,709.418937301444
1.45000000000001,-494.061749364541,802.856491840137,-208.150981412502,704.503605865351
1.46666666666668,-490.341378447517,807.316696758731,59.4645832405496,701.367711084121
1.48333333333335,-400.804080791679,811.920655962875,325.269119345806,700.389732833419
1.50000000000001,-240.639314174623,816.348480942537,531.291747530466,701.771012116939
1.51666666666668,-39.4377619375995,820.792371102243,639.667127818617,705.230430015621
1.53333333333335,165.681077603747,825.264229610141,630.476717010473,710.211751862288
1.55000000000001,336.917209486773,829.771756420298,505.409640387246,716.004617987816
1.56666666666668,442.793193280187,834.318374224407,287.452243758909,721.862826589703
1.58333333333335,463.996451616504,838.902792514092,16.6633837487246,727.114493762966
1.60000000000001,396.960258185902,843.517803993707,-257.188075240777,731.247801578514
1.61666666666668,254.504507971774,848.154285520708,-483.770387182927,733.963618488716
1.63333333333335,118.71890186336,851.526307133611,-594.29625297955,735.005816189755
1.65000000000001,-93.719400462491,856.521295423718,-650.233162342774,735.240493820938
1.66666666666668,-288.536983467924,861.513555612971,-576.984345964234,734.214426188195
1.68333333333335,-426.694290087518,866.495756530802,-389.102585909817,732.382402164928
1.70000000000001,-480.686635017937,871.464329869991,-123.915479312239,730.251029265075
1.71666666666668,-439.958026821022,876.418671783513,165.890659430528,728.301318405453
1.73333333333334,-312.899435900651,881.361619589254,422.73830501509,726.92316565012
1.75000000000001,-125.084922473142,886.297291982237,595.597993825112,726.37251477473
1.76666666666668,85.8797941747353,891.232359646395,650.126653800163,726.751833241805
1.78333333333334,164.728376695593,893.142340653797,636.322417361808,727.140494772285
1.80000000000001,344.117885260565,898.141394793387,507.391205373595,728.829055941934
1.81666666666668,447.843661603179,903.154939498306,269.90909627759,731.178405943524
1.83333333333334,460.396826225563,904.66239249444,184.65461675253,731.966392226577
1.85000000000001,463.770610558189,906.171578897208,95.785351051713,732.792635025605
1.86666666666668,458.11542890124,907.652990903417,6.82209079887079,733.630076171908
1.88333333333334,443.706646966934,909.136179971835,-82.2695548345447,734.485017034083
1.90000000000001,420.811129572543,910.622280956592,-169.8779011596,735.349167649036
1.91666666666668,389.885072131262,912.110197786407,-254.28449386627,736.213086812725
1.93333333333334,236.422343545404,917.116689006514,-494.151326798431,738.975394805666
1.95000000000001,33.3757241032609,922.141058054113,-630.797789348251,741.298245475723
1.96666666666668,-176.206301658529,927.180323730669,-635.680603959001,743.065563996237
1.98333333333334,-348.078352433202,932.232567881286,-507.779828144857,744.229550582368
2,-392.543917343916,934.014145192826,-435.295046115351,744.503389124244
2.00000000000001,-460.159665264619,939.644532313557,-145.334243591544,744.996172678441
2.01666666666668,-410.733409128514,945.277307403719,181.294370235412,744.954629285562
2.03333333333334,-257.323764888902,950.908598751604,462.182437348557,744.599273763324
2.05000000000001,-39.317436663205,956.535877742496,626.461933890019,744.154399527896
2.06666666666668,187.707878867566,962.160073159154,632.685163630075,743.818087446163
2.08333333333334,248.807748499512,963.846884262802,602.394026349953,743.755241278489
2.10000000000001,304.016262200423,965.533609721104,558.153659119126,743.734548207604
2.11666666666668,352.444271190131,967.235156547398,500.432395688134,743.756615528173
2.13333333333334,392.442173506994,968.93681298484,430.918728529972,743.821239021355
2.15000000000001,422.550665543857,970.603988583985,352.963034392234,743.924652356638
2.16666666666668,443.018924842824,972.271396963197,267.024766696762,744.027274670068
2.18333333333334,454.405921186006,975.189034835913,103.411977916383,744.299517742575
2.20000000000001,452.795489953179,975.797706778516,67.9997623872971,744.368144875131
2.21666666666668,424.438373559431,978.870826502391,-109.986592166482,744.786107776834
2.23333333333334,299.088790590207,984.315859747839,-396.788260495074,745.750216035417
2.25000000000001,105.050206703633,989.768606505871,-591.664499082799,746.902705385045
2.26666666666668,-112.005514057468,995.23043951469,-649.467596260697,748.195222258833
2.28333333333334,-301.220177937555,1000.70208886955,-556.806090946215,749.54533376229
2.30000000000001,-418.514654076273,1006.18360518664,-335.147222835013,750.848934451336
2.31666666666668,-436.896406368971,1011.67423580735,-35.8435361822371,751.998314736485
2.33333333333334,-352.668489964321,1017.17249303177,271.764157405808,752.899907727678
2.35000000000001,-326.269881334803,1018.22092724433,325.269119345802,753.031296828037
2.36666666666668,-157.602694894025,1023.56840256115,542.70035417609,753.557482216413
2.38333333333334,44.0594360145919,1028.9185022267,645.788449987707,753.771638514092
2.40000000000001,235.77563577409,1034.26911131318,612.813471682306,753.706576867324
2.41666666666668,376.975126263774,1039.61848772108,450.723014741444,753.429648452267
2.43333333333334,438.018504209706,1044.96545498268,193.668395833637,753.032962749402
2.45000000000001,406.408579061821,1050.30953052063,-104.190788868028,752.619777098546
2.46666666666668,289.356202036852,1055.65095488892,-380.097708817457,752.288796260338
2.48333333333334,112.165609757493,1060.99058464776,-575.920720905854,752.119817926875
2.50000000000001,84.6310157738746,1061.73737745324,-594.296252979548,752.107157925955
2.51666666666668,-55.4841734146693,1065.4614705984,-647.60653879971,752.140085566182
2.53333333333334,-264.506666188343,1071.58123931206,-589.355173195244,752.453691109976
2.55000000000001,-397.736778801903,1077.70440548734,-368.108849293016,752.97498101082
2.56666666666668,-418.609929855946,1083.83239598163,-45.0565359493914,753.63320869921
2.58333333333334,-322.177521050352,1089.96585397734,290.456834040764,754.31294907264
2.60000000000001,-136.238535311205,1096.10441820101,545.640036917772,754.881851263686
2.61666666666668,86.6948025162845,1102.24670489236,649.918354068878,755.222390815003
2.63333333333334,187.600130647374,1105.16879837565,636.322417361808,755.269211135786
2.65000000000001,317.511194565514,1109.67670718023,536.276004486121,755.240496838167
2.66666666666667,398.33418332326,1114.18395372761,354.75393913292,755.048549248357
2.68333333333334,404.687524688186,1120.83903674354,-1.77985999732758,754.486014622362
2.70000000000001,278.708425174737,1127.48779267104,-357.732465037636,753.632766080027
2.71666666666667,62.9021860072932,1134.12852543649,-596.871391040665,752.686330571927
2.73333333333334,-171.060271130076,1140.7612165546,-641.108400349541,751.824736787973
2.75000000000001,-346.15701185918,1147.38713885241,-475.99837458108,751.165689094036
2.76666666666667,-363.538189559065,1148.39022731215,-435.295046115355,751.076794855593
2.78333333333334,-405.622473224077,1153.51262494162,-188.621672351106,750.764106039269
2.80000000000001,-340.862363344444,1160.36248742709,187.834764290751,750.517109951315
2.81666666666667,-161.577424428037,1167.21027758947,501.389854365644,750.296258927281
2.83333333333334,70.589763256659,1174.05574598142,647.04153681683,749.982350717355
2.85000000000001,276.825605148045,1180.89750600711,576.014565003904,749.459386699145
2.86666666666667,387.919988971814,1187.73332308202,312.094164129861,748.649375395243
2.88333333333334,389.020145602505,1192.33558274029,67.999762387293,747.91711988956
2.90000000000001,366.292517702823,1194.4880312376,-61.4086847275562,747.509386871067
2.91666666666667,329.059686437775,1196.63938591603,-188.387051429572,747.09252383774
2.93333333333334,118.732096667871,1203.94513733022,-537.131492186319,745.608467099081
2.95000000000001,-141.259906426774,1211.23438024136,-648.550399620579,743.930237784635
2.96666666666667,-334.924162157172,1218.50631967253,-473.414577504429,742.265745341511
2.98333333333334,-377.168207301447,1225.7618319747,-89.1058271141381,740.754463579886
2.99999999999998,-256.004138120931,1232.82652229629,325.269119345811,739.451494131871
3.00000000000001,-241.024270271615,1233.3890879018,353.75942002855,739.347973678598
3.01666666666667,-225.416052701319,1233.95157580448,381.316987939093,739.246195974797
3.03333333333334,-188.528256605071,1235.20686728102,439.100318272221,739.024154301453
3.05000000000001,11.1491138719178,1241.18570611907,624.581535552462,738.023269091244
3.06666666666667,205.464407811271,1247.15631059002,628.172009755771,736.930343421035
3.08333333333334,354.750583405448,1254.50301001118,385.451650079645,735.338113637184
3.10000000000001,346.608614048266,1261.83077220055,-25.6679126947885,733.350216646093
3.11666666666667,186.873348019832,1269.13621041243,-425.573472254781,731.003210757063
3.13333333333334,33.6947594971076,1273.88161456897,-594.296252979542,729.307775641192
3.15000000000001,-35.9356202126755,1276.00836622722,-633.565121530443,728.54705437247
3.16666666666667,-103.939280489426,1278.13309559479,-650.043902663787,727.774467342495
3.18333333333334,-316.82911367462,1286.83772529779,-479.802028489111,724.565436243795
3.20000000000001,-342.121849000657,1295.50294741589,-31.9129406214292,721.188515111129
3.21666666666667,-168.641368952097,1304.12822686096,434.443220160024,717.845631021915
3.23333333333334,99.2003910757873,1312.71402610907,649.39996530108,714.553080996995
3.25000000000001,184.556887123226,1315.66024738982,636.322417361812,713.377520642239
3.26666666666667,336.845110461025,1324.32784554331,353.120709915745,709.942285514778
3.28333333333334,287.669492070171,1332.95276662492,-138.021962109928,706.123230930671
3.30000000000001,70.2944638052095,1341.53043192673,-547.888121236787,701.882730311674
3.31666666666667,-183.579447062051,1350.05442736218,-635.121307523059,697.286837213349
3.33333333333334,-308.984951253151,1356.72000630486,-435.295046115364,693.486085592295
3.35000000000001,-291.613995807427,1365.42299200788,62.7120871386653,688.387631415306
3.36666666666667,-85.6263879853207,1374.06118684362,519.978857185505,683.251306449792
3.38333333333334,170.681821706568,1382.63427467937,639.445874930008,678.100655683173
3.40000000000001,309.843309172409,1391.14189628923,343.50242900438,672.861161526325
3.41666666666667,299.821495748059,1395.74447153026,67.9997623872845,669.892258452868
3.43333333333334,115.646083163156,1404.64770404936,-463.931416761427,663.888239640847
3.45000000000001,-150.0996320102,1413.4669882042,-645.711896056152,657.484888956553
3.46666666666667,-295.427565768106,1422.19575795411,-340.143460965166,650.768934912094
3.48333333333334,-214.803810971822,1430.83020255389,222.147124436578,643.870434976397
3.50000000000001,-175.749810904458,1432.50151674908,325.269119345806,642.487191156887
3.51666666666667,67.8260064887272,1441.01915263834,640.975881297234,635.624030479348
3.53333333333334,255.528796534465,1449.44375287807,495.938764009325,628.54222774557
3.55000000000001,255.048249664874,1457.77253150339,-5.58719577977388,621.222012037679
3.56666666666667,72.755751536712,1466.00231355992,-503.096988451257,613.630787397266
3.58333333333334,-0.38915836274716,1468.4991107271,-594.296252979548,611.222841450906
3.6,-215.397016187827,1477.25878708613,-569.460067798113,602.807593138966
3.61666666666667,-226.161671821435,1488.21430171761,69.6134006468288,591.650151822546
3.63333333333334,36.0380576596714,1498.96712215118,623.342214457185,580.170270750502
3.65,152.021513925212,1503.48276010979,636.322417361813,575.181960298381
3.66666666666667,242.707328134737,1513.44073399898,150.215077929982,564.007715975799
3.68333333333334,56.7579903163864,1523.20412301422,-507.691457244336,552.459440830482
3.7,-183.724294901258,1532.76534702522,-584.957318780241,540.53917686908
3.71666666666667,-223.825129984788,1535.97907813083,-435.295046115367,536.344356918037
3.73333333333334,-176.772318470122,1543.82349666257,157.487650573822,525.808978409839
3.75,21.0458817587005,1551.51126487974,611.382231836896,515.290900052794
3.76666666666667,216.172825902421,1562.71287037521,287.701761917961,499.666339848173
3.78333333333334,202.221671651554,1565.3691077712,67.9997623872896,495.813286225059
3.8,-36.6190510479464,1575.3574450707,-627.662451369252,480.887703911348
3.81666666666667,-201.017881986594,1585.02602610473,-269.556427869924,465.999163574402
3.83333333333334,-112.18402625314,1591.36714999745,325.269119345802,455.877574713352
3.85,-34.496604443383,1594.31089332058,530.452140817373,451.276373257884
3.86666666666667,47.8049370788607,1597.22458693982,639.13183449618,446.641555390545
3.88333333333334,170.922867490387,1608.55807177901,27.0418016884308,428.119690573736
3.9,-1.92450134793164,1616.15046040053,-594.296252979546,415.144664355353
3.91666666666667,-167.978227711079,1626.64683978376,-133.260135330791,396.442199084584
3.93333333333334,67.2177088130167,1636.63973586198,650.525466348364,378.065274209773
3.95,95.5658841847267,1637.74656393592,636.32241736181,375.962858255602
3.96666666666667,158.83661536853,1642.30445315966,347.82408506864,367.747287728809
3.98333333333334,-30.6185437745464,1652.98295027536,-638.317370179753,347.755615878487
4,-140.478151343823,1658.41937548107,-435.295046115371,337.105455478798
4.01666666666667,20.0977065825387,1668.60954418771,633.615399413247,316.497350214004
4.03333333333334,131.789898224822,1676.45418815002,67.9997623872947,300.17799397104
4.05,-109.018820009107,1686.58291997699,-505.735439103274,278.515839823895
4.06666666666667,-83.0630237985688,1692.29555164502,325.269119345798,266.044144096905
4.08333333333334,74.452973873561,1698.34825668074,607.231585128068,253.77493445199
4.1,102.807175372869,1704.13516190437,-135.790124970383,241.322766214165
4.11666666666667,17.2452945719627,1707.84021488448,-594.296252979544,233.190832673094
4.13333333333334,-49.5507555937424,1718.80113006338,495.282780137757,208.848028781447
4.15,42.4322392890606,1722.09085911644,636.322417361812,201.248726780234
4.16666666666667,-22.383075576646,1730.26959463301,-649.014774925701,179.421354131269
4.18333333333334,-81.1263842791226,1732.21093148398,-435.295046115361,174.395148074827
4.2,91.5448900345953,1741.42809368861,67.9997623872997,151.890144480103
4.21666666666667,86.2502813481607,1742.10132233038,-155.757654227109,149.982108189825
4.23333333333334,71.1173712633466,1742.76467998586,-361.001092335599,148.150399912353
4.25,-45.7526731189792,1745.46362830859,-576.977262244384,140.942890797706
4.26666666666667,-74.0732468310523,1748.2622252479,325.269119345809,133.494135581827
4.28333333333334,35.4397943681232,1755.22374381922,-594.296252979549,116.895851858287
4.3,11.2797406999643,1761.57641537153,636.322417361809,101.704221491864
4.31666666666667,46.4466609965868,1765.27604437287,-565.80094099397,92.3380855796851
4.33333333333334,-51.6768787717941,1767.20089584936,-435.295046115379,87.3391490882613
4.35,74.4398411112059,1771.00495278629,67.9997623873048,75.9075108815488
4.36666666666667,-37.3355446365749,1773.18216386909,-496.474456612078,70.1294954515178
4.38333333333334,-72.4098548013696,1774.3623933217,325.269119345789,67.0238792154946
4.4,45.9937412826292,1776.93081047305,-594.29625297954,59.7138288313288
4.41666666666667,-74.303890109994,1777.73029641671,248.044567973814,56.3591831027911
4.43333333333334,-3.61353716579905,1778.14672838015,636.322417361814,54.9097056781319
4.45,-39.6480310639389,1780.33928134162,-435.295046115369,50.6124481997179
4.46666666666667,-5.0348212338247,1783.06409962063,633.7708810549,46.2944929016694
4.48333333333334,67.8269995705379,1784.32930068557,67.9997623872915,43.6187362814869
4.5,-72.3701575519867,1786.22187711373,325.2691193458,36.7261524319086
4.51666666666667,6.25178899577798,1786.38201972259,590.906562892269,34.9811528475661
4.53333333333333,73.3690453922077,1786.51019931784,-216.592205104642,33.8874930136526
4.55,51.1464126528583,1786.57166234813,-594.296252979545,33.4876558610749
4.56666666666667,-11.6018279428528,1789.02118024466,636.322417361811,30.0126052513537
4.58333333333333,-31.7309143534704,1790.35682996505,-435.295046115373,25.7148221403714
4.6,-58.1598795163429,1790.67601171454,-166.477293929854,25.2161651175088
4.61666666666667,-71.8541511189009,1790.99142507145,139.087205471927,24.6726919466735
4.63333333333333,41.7060133602897,1792.50527794558,342.721456969352,21.6925775734516
4.65,63.4520587435198,1792.7802717596,67.9997623872966,21.0904096325693
4.66666666666667,-11.2210657893844,1793.08594067468,-545.854455598359,18.6966989286864
4.68333333333333,-72.4734923936764,1793.25275849899,325.269119345812,17.6130968105587
4.7,54.8470441941641,1794.35056212278,-594.296252979543,15.3609212112827
4.71666666666667,-17.4260931513988,1796.2675173356,636.32241736182,11.9819078833392
4.73333333333333,-26.6677076547368,1796.08570095771,-435.295046115377,9.69079325831996
4.75,-30.6245004553603,1795.06535175592,650.34916239296,10.2767494929528
4.76666666666667,61.521891213352,1794.45239351582,67.9997623873016,11.3066881441569
4.78333333333333,-72.3587633777362,1794.28976157046,325.269119345775,13.2418000999291
4.8,55.2960943975012,1794.92227858439,-594.296252979541,13.0758159663085
4.81666666666667,-70.3725120181116,1793.265526373,415.974290701506,13.916259365173
4.83333333333333,-16.4566993542881,1792.6118991501,636.322417361813,14.9312029322915
4.85,-28.6203977992191,1793.83490349674,-435.295046115353,16.0858436169867
4.86666666666667,62.387320381174,1793.44429236392,67.9997623873067,15.5962884619671
4.88333333333333,-72.3510892863794,1793.3619112327,325.269119345803,15.7993383600752
4.9,54.6465945771773,1793.3061657318,-594.296252979554,16.1568762100795
4.91666666666667,-71.7710871926569,1793.64448787796,176.288747301766,15.8852152253188
4.93333333333333,-16.2674856117118,1793.86172667003,636.322417361814,15.5196989752747
4.95,-27.7415347871996,1795.63540530124,-435.295046115357,13.1376436538935
4.96666666666667,61.5975921000228,1795.42666255653,67.9997623873118,11.2137168463201
4.98333333333333,-72.4460919188545,1795.56512507727,325.269119345799,10.9045110495131
5,56.143973585934,1797.13891548609,-594.296252979537,9.15641063983643
5.01666666666667,-18.1539233709983,1794.82115400616,636.322417361815,9.72181887193119
5.03333333333333,-27.6714684572834,1793.75124198848,-435.29504611536,13.1232912334103
5.05,62.0920017399833,1794.21068532878,67.9997623873168,14.3823659181145
5.06666666666667,-72.4658148015695,1795.72252663141,325.269119345794,12.4462250274474
5.08333333333333,56.0134400412281,1796.61870068142,-594.29625297955,9.82197186313507
5.1,21.8102683160418,1796.69962069257,-642.429369572964,9.50268285053733
5.11666666666667,-19.4314944000891,1796.77774180187,-482.59322247045,9.18635604378337
5.13333333333333,-18.7441169276474,1797.09967650845,636.322417361816,7.9131551502595
5.15,61.3047333273066,1797.18748352364,-560.749531553076,7.26414915536989
5.16666666666667,-25.8309851996986,1797.22935691261,-435.295046115364,7.08443037056166
5.18333333333333,60.586413389606,1798.07768670123,67.9997623872852,5.87113169387124
5.2,-72.6133752121156,1798.86381269384,325.26911934579,4.03994759753822
5.21666666666667,57.5352298535429,1799.20880012504,-594.296252979533,2.60674750798403
5.23333333333333,-20.8499506752453,1799.83309614252,636.322417361817,1.36750073699998
5.25,-24.2132636144546,1798.55515167474,-435.295046115368,1.91987939210666
5.26666666666667,59.9159836928999,1799.20776027555,67.999762387327,2.51088416795643
5.28333333333333,-72.6247415904008,1798.48109406778,325.269119345785,2.82234598531269
5.3,-31.3383081204944,1797.87481314809,649.861340864629,3.27749409299974
5.31666666666667,43.957608788078,1797.27945519213,272.58163038317,4.11996714470693
5.33333333333333,56.7747090173306,1796.4461308194,-594.296252979546,5.74683272116967
5.35,-18.9458524079326,1797.38216968295,636.322417361818,7.17794905363576
5.36666666666667,-25.7697248763555,1797.01888609389,-435.295046115372,6.87831013658869
5.38333333333333,60.653181961638,1797.65715598445,67.9997623872953,6.45300518805326
5.4,-72.5748911371458,1797.91501664199,325.269119345781,5.58909994693752
5.41666666666667,57.2398584536389,1799.12884131998,-594.296252979544,3.86003534765383
5.43333333333333,34.7385510308088,1798.94542724284,-650.512128631798,3.68662742821196
5.45,6.46963629102892,1798.7611774233,-598.941919284026,3.59170632169057
5.46666666666667,-71.118624230437,1797.92148150548,418.298399173446,3.76570846606428
5.48333333333333,-19.9285570903085,1797.44114354261,636.322417361812,4.25326824486466
5.5,-25.4429607708335,1797.34373176271,-435.295046115376,5.97042978847644
5.51666666666666,60.6441424318917,1797.5088881883,67.9997623873003,6.25270221506995
5.53333333333333,-72.5356444558723,1797.54342360356,325.269119345809,5.96299882543461
5.55,56.8189417488155,1797.71196998811,-594.296252979541,5.82738639952334
5.56666666666666,-19.8147400268467,1798.66478492708,636.322417361813,4.56663938320965
5.58333333333333,-24.6995805059869,1798.69136223149,-435.295046115352,3.44550131909062
5.6,60.2650058629068,1797.64225213132,67.9997623872687,4.30123080377851
5.61666666666666,-72.4412080549095,1795.72894630238,325.269119345804,7.47656617114328
5.63333333333333,55.9438959871932,1795.85980939233,-594.296252979524,9.72022302199779
5.65,-18.8635203285105,1798.25666901494,636.322417361822,7.49167085875895
5.66666666666666,-25.5314642942754,1797.0278722345,-435.295046115383,6.06901727634564
5.68333333333333,60.6799741028988,1797.20549655669,67.9997623873473,6.7552019591561
5.7,-72.4959829183354,1796.08704780619,325.269119345768,8.02129682985897
5.71666666666666,71.8120135625598,1795.5589028314,-203.884651827252,9.44370895135189
5.73333333333333,55.9284737496867,1795.42072596855,-594.296252979537,9.85653223351679
5.75,-17.8751880985458,1795.82645202647,636.322417361823,10.5117297072756
5.76666666666666,-26.4669162708596,1796.83617901574,-435.295046115387,9.0923806377448
5.78333333333333,61.1441774085509,1795.78410788375,67.9997623873156,9.01769616432005
5.8,-72.464096265938,1796.73873172139,325.269119345795,8.97306442311393
5.81666666666666,56.5340135180807,1797.47788386553,-594.296252979535,7.35455160253879
5.83333333333333,-18.9917197619152,1796.6751734613,636.322417361816,7.11653735554022
5.85,-26.1367768299172,1796.45625960452,-435.295046115363,8.12710673132538
5.86666666666666,-10.0922349346805,1797.56767237634,614.917320190572,7.55137702768372
5.88333333333333,60.7488362788738,1798.03256954417,67.9997623873207,6.78658021276337
5.9,-72.6167131591398,1798.22382932168,325.269119345791,4.89999824492819
5.91666666666666,57.1540532136665,1798.30864374204,-594.296252979548,4.29221525143461
5.93333333333333,-19.9655157625153,1798.36944919846,636.322417361817,4.08683962049409
5.95,-24.9747584826138,1797.97488254248,-435.295046115367,4.36963853039637
5.96666666666666,-55.2975507983674,1798.59612772785,604.44939933881,4.24723530948639
5.98333333333333,60.1335066978402,1799.17879490561,67.999762387289,3.50037127171506
6,-72.6676989954628,1799.42105935334,325.269119345786,1.98936389215279
6.01666666666666,57.9898120572489,1800.45684191214,-594.296252979531,0.384595014156957
6.03333333333333,-21.2260420066415,1799.47327722374,636.322417361796,0.217638546604429
6.05,52.0855509014123,1798.54092949095,-621.388035046727,1.61259437146893
6.06666666666666,-24.3563262240624,1798.15803081107,-435.29504611535,2.4675629165109
6.08333333333333,60.1947277895679,1798.23168940237,67.9997623872378,4.08929471600856
6.1,-72.5580802547275,1797.84550672737,325.269119345825,4.65185806357763
6.11666666666666,56.8093943530013,1797.21685400465,-594.296252979512,5.77319608983249
6.13333333333333,-72.5593559153844,1796.9676726443,309.769322215136,6.6163371318563
6.15,-19.0249896397659,1796.85048312511,636.322417361805,6.96755632245492
6.16666666666666,-26.0801770816635,1796.44821346787,-435.295046115381,7.93241287259578
6.18333333333333,60.9498812141868,1796.80525221081,67.9997623873532,8.13837170771655
6.2,56.4287597560288,1796.73542388249,-593.858304924083,8.06444780537344
6.21666666666666,-25.9018246182351,1796.66427206332,-436.89004595073,8.00885713990156
6.23333333333333,-72.521816066853,1796.59228199897,325.269119345788,8.00359538936515
6.25,56.5986542811227,1797.88938928702,-594.296252979525,6.86027230738992
6.26666666666666,-19.4086288468609,1797.5046237537,636.322417361814,5.84489592659657
6.28333333333333,57.0129488375883,1796.80217064692,-592.41522579606,6.43699231518448
6.3,-25.8125741060687,1796.46099646348,-435.295046115358,7.10641099473609
6.31666666666666,60.9287195547922,1796.77487377548,67.9997623873215,8.0331233052852
6.33333333333333,-72.5217948400661,1796.93020947554,325.269119345752,7.67524896528161
6.35,56.1090045717618,1795.34618119715,-594.296252979538,9.13476395848917
6.36666666666666,-17.9045745811112,1795.80799535133,636.322417361807,10.4066010112825
6.38333333333333,49.7922967881078,1795.84689068407,226.624117744248,10.3635732354279
6.4,71.2952237455539,1795.8847915612,-393.544806478641,10.2782788828929
6.41666666666666,-26.7621038724699,1795.94692953083,-435.295046115334,10.0537429244859
6.43333333333333,61.3479429784374,1795.55301002953,67.9997623872897,10.2485921376896
6.44999999999999,-72.4780641920467,1796.63373871809,325.269119345779,9.55782508710946
6.46666666666666,0.761493163181346,1796.62867161696,578.238799991877,8.95085092043024
6.48333333333333,72.5981452201839,1796.6119901211,-270.174450830918,8.563960987301
6.49999999999999,56.3014525229304,1796.60140835549,-594.296252979551,8.44308813047299
6.51666666666666,-18.3259936350262,1795.76892969618,636.3224173618,9.13940307771442
6.53333333333333,-26.7842106465809,1795.65215963352,-435.295046115365,10.1811866784235
6.54999999999999,-14.9300453953381,1795.72932679939,630.009723601948,10.3556706687878
6.56666666666666,61.3687392176376,1795.76709241443,67.999762387258,10.3357166226194
6.58333333333333,-72.5197504301844,1797.4964926433,325.269119345807,8.44453187403396
6.59999999999999,56.9962168827377,1798.62672089901,-594.296252979534,5.30161986696203
6.61666666666666,-34.6029066275875,1799.31212216334,-360.177583561883,4.06795006484828
6.63333333333333,-68.9571406053561,1799.96942458201,473.933823471878,2.69209876890894
6.64999999999999,-20.7300087511665,1800.40420293994,636.322417361794,1.75699880885092
6.66666666666666,-23.2826977773113,1801.03734742837,-435.295046115341,-1.18360751614357
6.68333333333333,59.2135434565538,1800.36560776068,67.9997623872999,-1.62858922464847
6.69999999999999,53.9331138099243,1800.25460501872,-616.753025494423,-1.26375145234364
6.71666666666666,-35.9202798512909,1800.15112967386,-335.956876512206,-0.917465155489246
6.73333333333333,-72.6519897404277,1800.07407680463,325.269119345835,-0.688083615103659
6.74999999999999,58.2382852796047,1800.62905501799,-594.296252979546,-0.863599723887619
6.76666666666666,-20.8921138072978,1798.14010859836,636.322417361803,1.22419933405355
6.78333333333333,-24.6656264828518,1798.53284572295,-435.295046115373,3.48281043147142
6.79999999999999,-31.9817083271848,1798.44379699606,650.176155177548,3.72325072748912
6.81666666666666,60.1881450339986,1798.39203751473,67.9997623873417,3.74587409256121
6.83333333333333,-72.5558583390962,1798.32149916173,325.269119345798,3.8932735406173
6.84999999999999,-56.1736280669281,1798.28320213752,600.112634455528,3.96386071794655
6.86666666666666,-16.8025820568814,1798.24566466445,629.575774547299,4.04623052188653
6.88333333333333,57.1457007604776,1798.10969318091,-594.296252979529,4.30413126358902
6.89999999999999,-19.5526435032466,1797.30326971992,636.322417361811,5.34914859901381
6.91666666666666,64.5068033848968,1798.06092450839,-3.74624775204933,5.46236071235663
6.93333333333333,45.7658771744359,1798.81309565113,-637.837964849391,4.83850334976864
6.94999999999999,-24.8940732254951,1799.3717240629,-435.295046115349,4.07807045375529
6.96666666666666,59.7027873808983,1800.6171550431,67.99976238731,0.616427057106343
6.98333333333333,-72.751961793117,1801.81359997877,325.269119345762,-2.42297230272038
6.99999999999999,-39.2488669682616,1801.60354451373,649.740795532842,-2.93641239709632
7.01666666666666,30.1433410575381,1801.38804061207,379.380454695619,-3.15582037895058
7.03333333333333,58.7698659770151,1801.0018072575,-594.296252979542,-3.12064060533437
7.04999999999999,-21.965855768269,1800.57515291056,636.322417361805,-2.11722938714825
7.06666666666666,12.8631588560939,1800.52535437957,500.149361405752,-1.95830376390037
7.08333333333333,44.7209901332632,1800.47670014824,248.916542139125,-1.80640647137124
7.09999999999999,22.9322281908453,1800.27190280173,-638.642706723224,-1.26144126987106
7.11666666666666,-23.2592914050829,1800.21376511049,-435.29504611538,-1.12933070971428
7.13333333333333,29.5404620462091,1799.88030328736,390.314926662894,-0.368746486172973
7.14999999999999,59.4281679561683,1799.8285424971,67.9997623872783,-0.225026671118876
7.16666666666666,-35.8417330152555,1798.90776203698,-341.403861812344,1.00765059669766
7.18333333333333,-72.5877090367866,1798.55641524884,325.269119345789,1.68934829195132
7.19999999999999,57.3851719090735,1798.75094946596,-594.296252979525,2.97491728308916
7.21666666666666,-20.7544181451543,1800.09133006742,636.322417361798,1.65022804557053
7.23333333333333,-23.4318010237616,1800.79024156622,-435.295046115357,-0.658709517971206
7.24999999999999,-72.3483596210865,1801.00328784582,259.192414739974,-1.23059805150558
7.26666666666666,-36.952496218852,1801.20668927071,650.431040610173,-1.75928627012606
7.28333333333333,59.0970543016789,1801.45790463989,67.9997623873202,-2.39057415675831
7.29999999999999,-72.791512422321,1802.20664548829,325.269119345817,-4.13762945431563
7.31666666666666,59.0461264972959,1801.59735710718,-594.296252979538,-4.50982881749525
7.33333333333333,41.4951342170329,1801.67654162725,-648.483367339917,-4.45392559419
7.34999999999999,19.2162812133507,1801.75594845041,-628.694973627792,-4.42681519932531
7.36666666666666,-57.4354629626915,1802.03129540851,-86.5292472777685,-4.48761246438491
7.38333333333332,-22.8935241561438,1802.47138606318,636.322417361807,-4.95408842800838
7.39999999999999,-21.9345958488861,1802.13117851014,-435.295046115333,-5.45780616331956
7.41666666666666,58.8641673296026,1800.34932986276,67.9997623872885,-3.37896979169107
7.43333333333332,69.2670665038483,1800.40539232251,-137.783285937222,-3.10033386598074
7.44999999999999,72.6612132722151,1800.46269488329,-329.738522164498,-2.86582823637514
7.46666666666666,39.1398637209815,1800.64641899976,-649.67888972538,-2.3550043375692
7.48333333333332,-72.6516806217495,1801.05918019819,325.269119345781,-2.08954353795862
7.49999999999999,-25.6208557476194,1801.0398927272,642.561390941844,-2.21936481745154
7.51666666666666,54.3113777417468,1801.01819917369,135.659531936767,-2.35191662747675
7.53333333333332,58.5961337448555,1800.99121892555,-594.296252979551,-2.44823757743247
7.54999999999999,-22.2199428317265,1801.46075991156,636.322417361815,-2.88680435194536
7.56666666666666,48.5802041218091,1801.62201525954,203.511276989638,-3.13483655476273
7.58333333333332,71.2677160061094,1801.77865089989,-431.396699969028,-3.45891746276051
7.59999999999999,-22.3721044377905,1802.01989059444,-435.295046115364,-4.04340541353367
7.61666666666666,58.9779519620901,1800.23464597138,67.9997623873303,-2.88022227953631
7.63333333333332,-21.4920876707716,1800.3669811534,-446.515468727483,-1.52799724424313
7.64999999999999,-72.619920943683,1800.4501904498,325.269119345744,-1.24544064862669
7.66666666666666,58.4755536104376,1801.20355187338,-594.296252979534,-1.88899619597987
7.68333333333332,-34.2503662527135,1801.44902767942,-346.84458152998,-2.48896295879883
7.69999999999999,-68.4757973591503,1801.6816402382,495.121367755714,-3.06887518840994
7.71666666666666,-22.3964513556796,1801.82445562275,636.322417361809,-3.40632018017952
7.73333333333332,-22.2480812446382,1802.01507908596,-435.295046115395,-4.44461793708144
7.74999999999999,-52.3023239126717,1801.92241080434,-155.680137065711,-4.51523528114249
7.76666666666666,-69.9986471069653,1801.8293860782,160.77462561689,-4.53654752563752
7.78333333333332,-11.6129031282231,1801.51191203158,607.350278637466,-4.33676251936736
7.79999999999999,58.7737485981649,1801.30946694985,67.9997623872986,-4.03376902324211
7.81666666666666,-72.7170175338152,1801.60217175141,325.269119342761,-3.61896494325717
7.83333333333332,-72.7170175338152,1801.60217175141,325.269119345772,-3.61896494325756
7.84999999999999,-72.7170175338153,1801.6021717514,325.269119351792,-3.618964943257
7.86666666666666,58.4160082442808,1799.57019865289,-594.296252979547,-1.69446737389482
7.88333333333332,-69.7644369145457,1799.1819843236,146.085080580606,0.150477775834565
7.89999999999999,-20.8785803150607,1798.94392312887,636.322417361802,1.1942013336555
7.91666666666666,-24.6628881673396,1797.95168515169,-435.295046115317,3.40573121843796
7.93333333333332,60.207469207579,1798.44158869257,67.9997623873405,4.14335469478275
7.94999999999999,-7.45937444029975,1798.35204131004,-540.223949958666,4.06337361573055
7.96666666666666,-72.5906255177155,1798.29154514636,325.269119345735,4.04586895661457
7.98333333333332,56.9767757548989,1797.40552943612,-594.29625297953,5.01879825913
7.99999999999999,-19.3825671886234,1797.63352350142,636.322417361811,5.85314057553188
8.01666666666666,65.5085705218062,1797.70912830519,-22.3277582361074,5.79344571679245
8.03333333333332,42.28438441515,1797.78235803794,-644.102178006444,5.64332733561327
8.04999999999999,-25.3407175498035,1797.83172075275,-435.295046115348,5.523147233834
8.06666666666666,60.5322919607183,1797.39868846677,67.9997623873823,5.75549173611767
8.08333333333333,-72.5049329648874,1796.95188136802,325.269119345763,6.67483241224216
8.09999999999999,56.6718541329426,1797.67703451741,-594.296252979513,6.5017387991225
8.11666666666666,-9.3179102723334,1797.49783412119,-534.57718988097,6.31020376113885
8.13333333333333,-66.4073295095821,1797.31702163976,39.4887007458165,6.29540303138022
8.15,-19.1842979698435,1797.0163076731,636.322417361804,6.51339835285655
8.16666666666666,-26.3347950704557,1795.41304085503,-435.295046115379,8.78999534764924
8.18333333333333,-68.9714951812552,1794.97909147377,95.4577804141948,9.61787703607783
8.2,-61.1076973580681,1794.55666548474,556.891985898627,10.506571936837
8.21666666666667,61.7148297917589,1793.6378269685,67.9997623872771,12.5967921721732
8.23333333333333,-72.3515655041928,1795.05408744057,325.269119345726,13.446110168058
8.25,55.161114322083,1793.55436060357,-594.296252979526,13.8459192635066
8.26666666666667,-28.1159575943262,1793.04504114333,-435.813260193346,14.6496959500302
8.28333333333334,-72.3360035447124,1792.5533071706,324.059984656136,15.682284770444
8.3,-15.8202273824241,1792.08139795821,636.322417361813,16.8346323305962
8.31666666666667,-29.5495455074155,1791.88862309488,-435.295046115356,19.0162624425575
8.33333333333334,62.8728815477811,1792.88881052514,67.9997623873189,18.43682507456
8.35000000000001,54.8749595809599,1792.75880136137,-590.92998392349,18.0382369420409
8.36666666666667,-27.5463497675227,1792.62367348915,-447.2871254926,17.8940466595069
8.38333333333334,-72.3721415538619,1792.48315315632,325.269119345818,17.8944678262827
8.40000000000001,54.2391431536617,1792.5195842302,-594.296252979509,18.0942296736152
8.41666666666668,-19.4470533068569,1792.8939504407,-499.783697216447,17.971288182128
8.43333333333334,-71.4164548027701,1793.26378723191,153.011794163107,17.5695091839397
8.45000000000001,-15.8748469038481,1793.76187491863,636.322417361806,16.7440867779252
8.46666666666668,-28.2991543108446,1794.16484755403,-435.295046115387,14.9170551648729
8.48333333333335,62.0440114980271,1794.5046339584,67.9997623872872,13.8922433695366
8.50000000000001,65.5272282904489,1794.31789962778,-505.540533010869,13.7861750868949
8.51666666666668,9.34072057620093,1794.13084101654,-618.720852540901,13.8403749989602
8.53333333333335,-72.4104196560421,1793.80100540264,325.269119345782,14.1727639350881
8.55000000000002,54.8717492505989,1793.67732507518,-594.296252979552,14.9889583588154
8.56666666666668,27.3349114878313,1793.78250308187,-649.675040858755,15.036821932847
8.58333333333335,-6.13098330263243,1793.88783904988,-563.927761691871,15.0337778032695
8.60000000000002,-54.9133708398172,1794.37418256744,594.72391373598,14.5643113379994
8.61666666666669,-16.652524850112,1794.50888175541,636.322417361815,14.328194861013
8.63333333333335,17.212355308144,1793.59862503225,-637.396580306296,14.382708976376
8.65000000000002,-28.1916480517686,1793.41647457688,-435.295046115308,14.6382970240055
8.66666666666669,31.4052251861727,1792.53413104823,415.373817910896,16.4235102120043
8.68333333333336,62.5152538691132,1792.38136798236,67.999762387329,16.8080842475744
8.70000000000002,-54.0952959211243,1792.42439920364,-196.668075727588,17.9549326218518
8.71666666666669,-72.3114249753682,1792.44377556383,325.269119345809,18.0632902290934
8.73333333333336,54.1411150932316,1792.11382285438,-594.296252979535,18.5828689855247
8.75000000000003,-15.1116232036008,1792.02129492653,636.322417361824,19.0772593531795
8.76666666666669,68.6797136440654,1792.07831372844,-54.3073470890865,19.1563202612964
8.78333333333336,32.3391373189282,1792.13599642494,-649.956773061296,19.1345136365739
8.80000000000003,-29.5926282416102,1792.17060215294,-435.295046115394,19.0912660912713
8.8166666666667,62.65123534534,1793.93196221871,67.9997623873709,17.1016685021246
8.83333333333336,-25.9678829633052,1793.29152679466,-454.329348508579,16.0823049460408
8.85000000000003,-72.425056960887,1792.9488286196,325.269119345773,16.2164413658211
8.8666666666667,54.6997780727935,1793.94619483834,-594.296252979517,15.8328682937999
8.88333333333337,24.6287140175144,1793.98663708346,-647.985412136743,15.6596199052488
8.90000000000003,-11.6395320703263,1794.02577927914,-538.333954915405,15.4969152794661
8.9166666666667,-43.1096740180809,1794.19046625059,638.106537355961,14.7281005285511
8.93333333333337,-16.5775159130865,1794.21606956342,636.322417361802,14.5979280189971
8.95000000000004,70.8475974291728,1793.85778648976,-401.368138004308,14.425569123183
8.9666666666667,-28.2421793699326,1793.55319979251,-435.295046115426,14.8245083722034
8.98333333333337,62.5038636648748,1792.47950258928,67.9997623872656,16.6123828037762
9.00000000000004,-72.3443537834402,1793.90273262832,325.269119345736,16.3958255032288
9.01666666666671,-65.5905781164372,1793.94466716254,500.027571642804,16.2040554677928
9.03333333333337,-50.7810710907667,1793.98559716129,613.084916849012,16.0244834238143
9.05000000000004,46.4626537365565,1794.14623108079,277.948218815444,15.3321617573873
9.06666666666671,55.0158603302581,1794.30348825455,-594.29625297953,14.6455981882573
9.08333333333338,-48.5607737312292,1794.84036438608,-251.112361687614,13.8751543687738
9.10000000000004,-17.2136901436123,1795.53976265308,636.322417361811,12.5981558623947
9.11666666666671,-27.5228824305931,1794.25091047657,-435.295046115347,12.4630567694051
9.13333333333338,61.9115345480181,1794.3414314111,67.9997623873811,13.5056377340686
9.15000000000005,-48.395397896927,1794.73487024302,-251.296631600572,13.3942650370209
9.16666666666671,-72.4387445506057,1794.85891408192,325.269119345828,13.157416709238
9.18333333333338,55.8440312987281,1796.65668059583,-594.296252979513,10.6266443527046
9.20000000000005,-18.8186514142897,1797.51256512902,636.322417361804,7.67421592724873
9.21666666666672,22.2306903764307,1797.52394354961,460.754157361326,7.32697675298711
9.23333333333338,56.198902831055,1797.53251482081,137.341953452548,7.03273778728863
9.25000000000005,-25.5755890312921,1797.54879638195,-435.295046115378,6.24790933502985
9.26666666666672,60.9193997745948,1795.68057345863,67.9997623872758,7.9737857791636
9.28333333333339,-72.3949642121546,1795.46660125606,325.269119345792,10.2246499496482
9.30000000000005,55.751497002754,1795.51650707762,-594.296252979556,10.845965475534
9.31666666666672,-71.2904721485717,1795.22023247179,392.290641646358,11.0681361255305
9.33333333333339,-17.6366710611729,1795.09689731019,636.322417361813,11.2760367901196
9.35000000000006,-27.306686851684,1795.04344014398,-435.295046115355,11.8420676093484
9.36666666666672,61.7274338046692,1794.75471655659,67.9997623873176,12.2746610931143
9.38333333333339,-54.9637270988684,1794.17182884216,-170.819438375195,13.0840409133017
9.40000000000006,-72.3833967670395,1794.02456590722,325.269119345819,13.3976031101474
9.41666666666673,54.9960362558093,1793.91000040769,-594.296252979539,14.4050504522111
9.43333333333339,-16.327491239131,1793.30593314269,636.322417361821,15.3184044193988
9.45000000000006,47.7907145047426,1793.42456239512,-624.462767552847,15.7889198389755
9.46666666666673,-28.5583625440741,1793.47880652192,-435.295046115386,15.8330705994462
9.4833333333334,62.2843613920254,1794.04694620683,67.9997623873595,15.1988202916287
9.50000000000006,-72.38559986738,1793.08367233348,325.269119345783,15.5380625794795
9.51666666666673,54.498122381418,1792.85369641915,-594.296252979492,16.7507764864789
9.5333333333334,-15.9996221460458,1793.69934336181,636.322417361799,16.3363881784556
9.55000000000007,40.0187834437176,1794.31675732179,-643.661217120846,15.0399634521192
9.56666666666673,-28.177731123779,1794.52096666221,-435.295046115417,14.539280110984
9.5833333333334,62.2904201295552,1792.77926954364,67.9997623873278,15.3028820208546
9.60000000000007,-72.288016938489,1792.55075681046,325.269119345746,17.3003535951737
9.61666666666674,54.8015283181831,1794.87299230504,-594.296252979535,15.5140358903877
9.6333333333334,-17.2005559837036,1795.08772115051,636.322417361808,12.7011361963755
9.65000000000007,-27.7038368553991,1794.01315289339,-435.295046115339,13.1071896320761
9.66666666666674,62.1417659120709,1793.61444214696,67.9997623873696,14.69478085864
9.68333333333341,-72.3877600435114,1794.18737136055,325.269119345774,14.7136561787412
9.70000000000007,55.0238772331816,1793.9555953032,-594.296252979518,14.4283046070713
9.71666666666674,-43.8210089046931,1794.72955361871,-301.235324445827,14.0730188392386
9.73333333333341,-60.7373665343235,1795.48790268009,556.629983138678,13.1061078754381
9.75000000000008,-17.239938754203,1795.8575942663,636.322417361817,12.5031299060473
9.76666666666674,-27.1770853638655,1795.0227452806,-435.295046115412,11.3211292493357
9.78333333333341,61.8082515384489,1793.95669204325,67.9997623873034,12.9737485779786
9.80000000000008,-72.375958685016,1794.47565273181,325.269119345716,13.8633609130659
9.81666666666675,55.1735770088055,1794.18022430624,-594.296252979535,13.7398815123441
9.83333333333341,-16.2202279796364,1792.63409012673,636.322417361854,15.6355023356115
9.85000000000008,-28.8931766031981,1793.13674846606,-435.295046115333,16.9232820474795
9.86666666666675,62.6557468622714,1792.59484776142,67.9997623873452,17.2516114058463
9.88333333333342,-21.5758681439123,1792.63906370558,-486.008387381454,17.5760897460815
9.90000000000008,-72.3217585764101,1792.6685366172,325.269119345808,17.6810405048854
9.91666666666675,54.3210517277689,1792.64181065821,-594.296252979518,17.7722558599686
9.93333333333342,-14.8567240784412,1790.45037673166,636.322417361863,19.9478400517439
9.95000000000009,-5.01267903578361,1790.41298912713,612.082364469363,20.0618117870318
9.96666666666675,4.92301570748004,1790.37584048449,576.518742339741,20.1782640256817
9.98333333333342,35.4045522483465,1790.25774578946,393.761209162668,20.5761914804187
10,30.0805509866357,1789.7121864238,-650.319082544652,22.8694974972789
